 "name" , "link" , "event" , "resource" ,
 "formal language" , "http://dbpedia.org/resource/Formal_language" , "Lecture 1" , "Slides" ,
 "treebank" , "http://dbpedia.org/resource/Treebank" , "Lecture 9" , "Slides" ,
 "foaf" , "http://dbpedia.org/resource/FOAF_(ontology)" , "Lecture 6" , "Slides" ,
 "foaf" , "http://dbpedia.org/resource/FOAF_(ontology)" , "Lecture 3" , "Slides" ,
 "foaf" , "http://dbpedia.org/resource/FOAF_(ontology)" , "Lecture 4" , "Worksheet" ,
 "foaf" , "http://dbpedia.org/resource/FOAF_(ontology)" , "Lecture 5" , "Slides" ,
 "foaf" , "http://dbpedia.org/resource/FOAF_(ontology)" , "Lecture 1" , "Slides" ,
 "foaf" , "http://dbpedia.org/resource/FOAF_(ontology)" , "Lab 3" , "Slides" ,
 "foaf" , "http://dbpedia.org/resource/FOAF_(ontology)" , "Lecture 2" , "Slides" ,
 "foaf" , "http://dbpedia.org/resource/FOAF_(ontology)" , "Lecture 2" , "Worksheet" ,
 "foaf" , "http://dbpedia.org/resource/FOAF_(ontology)" , "Lecture 4" , "Slides" ,
 "foaf" , "http://dbpedia.org/resource/FOAF_(ontology)" , "Lab 4" , "Slides" ,
 "foaf" , "http://dbpedia.org/resource/FOAF_(ontology)" , "Lab 5" , "Slides" ,
 "foaf" , "http://dbpedia.org/resource/FOAF_(ontology)" , "Lecture 3" , "Worksheet" ,
 "stack overflow" , "http://dbpedia.org/resource/Stack_Overflow" , "Lab 1" , "Slides" ,
 "concordia" , "http://dbpedia.org/resource/Concordia_University" , "Lab 9" , "Slides" ,
 "concordia" , "http://dbpedia.org/resource/Concordia_University" , "Lecture 4" , "Worksheet" ,
 "concordia" , "http://dbpedia.org/resource/Concordia_University" , "Lab 2" , "Slides" ,
 "concordia" , "http://dbpedia.org/resource/Concordia_University" , "Lab 3" , "Slides" ,
 "concordia" , "http://dbpedia.org/resource/Concordia_University" , "Lecture 2" , "Worksheet" ,
 "concordia" , "http://dbpedia.org/resource/Concordia_University" , "Lecture 5" , "Worksheet" ,
 "concordia" , "http://dbpedia.org/resource/Concordia_University" , "Lecture 8" , "Slides" ,
 "concordia" , "http://dbpedia.org/resource/Concordia_University" , "Lab 5" , "Slides" ,
 "concordia" , "http://dbpedia.org/resource/Concordia_University" , "Lecture 8" , "Worksheet" ,
 "concordia" , "http://dbpedia.org/resource/Concordia_University" , "Lecture 3" , "Worksheet" ,
 "zootopia" , "http://dbpedia.org/resource/Zootopia" , "Lecture 8" , "Slides" ,
 "manhattan distance" , "http://dbpedia.org/resource/Taxicab_geometry" , "Lecture 7" , "Slides" ,
 "lucene" , "http://dbpedia.org/resource/Lucene" , "Lecture 1" , "Slides" ,
 "lucene" , "http://dbpedia.org/resource/Lucene" , "Lab 7" , "Slides" ,
 "lucene" , "http://dbpedia.org/resource/Lucene" , "Lecture 9" , "Slides" ,
 "rng" , "http://dbpedia.org/resource/Rng_(algebra)" , "Lab 1" , "Slides" ,
 "data structure" , "http://dbpedia.org/resource/Data_structure" , "Lab 1" , "Slides" ,
 "data structure" , "http://dbpedia.org/resource/Data_structure" , "Lecture 5" , "Slides" ,
 "data structure" , "http://dbpedia.org/resource/Data_structure" , "Lecture 1" , "Slides" ,
 "world wide web consortium" , "http://dbpedia.org/resource/World_Wide_Web_Consortium" , "Lecture 2" , "Slides" ,
 "chicago" , "http://dbpedia.org/resource/Chicago" , "Lab 9" , "Slides" ,
 "api" , "http://dbpedia.org/resource/Application_programming_interface" , "Lecture 2" , "Slides" ,
 "api" , "http://dbpedia.org/resource/Application_programming_interface" , "Lab 5" , "Slides" ,
 "api" , "http://dbpedia.org/resource/Application_programming_interface" , "Lecture 9" , "Slides" ,
 "dbpedia" , "http://dbpedia.org/resource/DBpedia" , "Lecture 4" , "Worksheet" ,
 "dbpedia" , "http://dbpedia.org/resource/DBpedia" , "Lecture 5" , "Slides" ,
 "dbpedia" , "http://dbpedia.org/resource/DBpedia" , "Lecture 1" , "Slides" ,
 "dbpedia" , "http://dbpedia.org/resource/DBpedia" , "Lab 3" , "Slides" ,
 "dbpedia" , "http://dbpedia.org/resource/DBpedia" , "Lecture 2" , "Slides" ,
 "dbpedia" , "http://dbpedia.org/resource/DBpedia" , "Lecture 2" , "Worksheet" ,
 "dbpedia" , "http://dbpedia.org/resource/DBpedia" , "Lecture 4" , "Slides" ,
 "dbpedia" , "http://dbpedia.org/resource/DBpedia" , "Lecture 5" , "Worksheet" ,
 "dbpedia" , "http://dbpedia.org/resource/DBpedia" , "Lab 4" , "Slides" ,
 "dbpedia" , "http://dbpedia.org/resource/DBpedia" , "Lecture 8" , "Slides" ,
 "dbpedia" , "http://dbpedia.org/resource/DBpedia" , "Lab 5" , "Slides" ,
 "google search" , "http://dbpedia.org/resource/Google_Search" , "Lecture 8" , "Slides" ,
 "schütze" , "http://dbpedia.org/resource/Schütze" , "Lecture 6" , "Slides" ,
 "pubmed" , "http://dbpedia.org/resource/PubMed" , "Lecture 9" , "Slides" ,
 "contingency table" , "http://dbpedia.org/resource/Contingency_table" , "Lecture 7" , "Slides" ,
 "machine learning algorithm" , "http://dbpedia.org/resource/Machine_learning" , "Lab 9" , "Slides" ,
 "perry white" , "http://dbpedia.org/resource/Perry_White" , "Lab 9" , "Slides" ,
 "linkedin" , "http://dbpedia.org/resource/LinkedIn" , "Lecture 2" , "Slides" ,
 "linkedin" , "http://dbpedia.org/resource/LinkedIn" , "Lecture 2" , "Worksheet" ,
 "dimensionality reduction" , "http://dbpedia.org/resource/Dimensionality_reduction" , "Lecture 8" , "Slides" ,
 "collaborative filtering" , "http://dbpedia.org/resource/Collaborative_filtering" , "Lecture 6" , "Slides" ,
 "collaborative filtering" , "http://dbpedia.org/resource/Collaborative_filtering" , "Lecture 1" , "Slides" ,
 "alfred" , "http://dbpedia.org/resource/Alfred_the_Great" , "Lecture 2" , "Slides" ,
 "strings" , "http://dbpedia.org/resource/String_theory" , "Lab 1" , "Slides" ,
 "strings" , "http://dbpedia.org/resource/String_theory" , "Lecture 2" , "Slides" ,
 "affinity chromatography" , "http://dbpedia.org/resource/Affinity_chromatography" , "Lecture 9" , "Slides" ,
 "doug" , "http://dbpedia.org/resource/Doug_Heffernan" , "Lecture 6" , "Slides" ,
 "leonardo da vinci" , "http://dbpedia.org/resource/Leonardo_da_Vinci" , "Lecture 2" , "Slides" ,
 "food web" , "http://dbpedia.org/resource/Food_web" , "Lecture 2" , "Slides" ,
 "martha kent" , "http://dbpedia.org/resource/Jonathan_and_Martha_Kent" , "Lab 9" , "Slides" ,
 "finite state machine" , "http://dbpedia.org/resource/Finite-state_machine" , "Lecture 8" , "Slides" ,
 "cia" , "http://dbpedia.org/resource/Central_Intelligence_Agency" , "Lecture 7" , "Slides" ,
 "open standard" , "http://dbpedia.org/resource/Open_standard" , "Lecture 8" , "Slides" ,
 "machine learning" , "http://dbpedia.org/resource/Machine_learning" , "Lecture 6" , "Slides" ,
 "machine learning" , "http://dbpedia.org/resource/Machine_learning" , "Lab 1" , "Slides" ,
 "machine learning" , "http://dbpedia.org/resource/Machine_learning" , "Lab 9" , "Slides" ,
 "machine learning" , "http://dbpedia.org/resource/Machine_learning" , "Lecture 1" , "Slides" ,
 "machine learning" , "http://dbpedia.org/resource/Machine_learning" , "Lecture 2" , "Slides" ,
 "machine learning" , "http://dbpedia.org/resource/Machine_learning" , "Lecture 7" , "Slides" ,
 "machine learning" , "http://dbpedia.org/resource/Machine_learning" , "Lecture 8" , "Slides" ,
 "machine learning" , "http://dbpedia.org/resource/Machine_learning" , "Lab 6" , "Slides" ,
 "machine learning" , "http://dbpedia.org/resource/Machine_learning" , "Lab 7" , "Slides" ,
 "machine learning" , "http://dbpedia.org/resource/Machine_learning" , "Lecture 9" , "Slides" ,
 "machine learning" , "http://dbpedia.org/resource/Machine_learning" , "Lab 8" , "Slides" ,
 "machine learning" , "http://dbpedia.org/resource/Machine_learning" , "Lecture 7" , "Worksheet" ,
 "adult." , "http://dbpedia.org/resource/Adult_(band)" , "Lab 1" , "Slides" ,
 "natural language processing (nlp)" , "http://dbpedia.org/resource/Natural-language_processing" , "Lecture 1" , "Slides" ,
 "natural language processing (nlp)" , "http://dbpedia.org/resource/Natural-language_processing" , "Lecture 9" , "Slides" ,
 "tim berners-lee" , "http://dbpedia.org/resource/Tim_Berners-Lee" , "Lecture 5" , "Slides" ,
 "socrates" , "http://dbpedia.org/resource/Socrates" , "Lecture 7" , "Slides" ,
 "roman catholic church" , "http://dbpedia.org/resource/Catholic_Church" , "Lecture 9" , "Slides" ,
 "web ontology language (owl)" , "http://dbpedia.org/resource/Web_Ontology_Language" , "Lecture 4" , "Slides" ,
 "sim" , "http://dbpedia.org/resource/Subscriber_identity_module" , "Lecture 6" , "Slides" ,
 "howard" , "http://dbpedia.org/resource/John_Howard" , "Lecture 8" , "Slides" ,
 "howard" , "http://dbpedia.org/resource/John_Howard" , "Lecture 9" , "Slides" ,
 "cosine" , "http://dbpedia.org/resource/Trigonometric_functions" , "Lecture 6" , "Slides" ,
 "cosine" , "http://dbpedia.org/resource/Trigonometric_functions" , "Lab 9" , "Slides" ,
 "bracketing" , "http://dbpedia.org/resource/Bracketing" , "Lecture 9" , "Slides" ,
 "quebec" , "http://dbpedia.org/resource/Quebec" , "Lab 1" , "Slides" ,
 "quebec" , "http://dbpedia.org/resource/Quebec" , "Lecture 8" , "Slides" ,
 "quebec" , "http://dbpedia.org/resource/Quebec" , "Lab 5" , "Slides" ,
 "json" , "http://dbpedia.org/resource/JSON" , "Lecture 4" , "Slides" ,
 "json" , "http://dbpedia.org/resource/JSON" , "Lab 5" , "Slides" ,
 "hinrich" , "http://dbpedia.org/resource/Kirk_Hinrich" , "Lecture 6" , "Slides" ,
 "oem" , "http://dbpedia.org/resource/Original_equipment_manufacturer" , "Lab 9" , "Slides" ,
 "turing test" , "http://dbpedia.org/resource/Turing_test" , "Lecture 1" , "Slides" ,
 "budapest" , "http://dbpedia.org/resource/Budapest" , "Lecture 5" , "Slides" ,
 "facebook bots" , "http://dbpedia.org/resource/Facebook_Messenger" , "Lecture 8" , "Slides" ,
 "concordia university" , "http://dbpedia.org/resource/Concordia_University" , "Lecture 6" , "Slides" ,
 "concordia university" , "http://dbpedia.org/resource/Concordia_University" , "Lecture 3" , "Slides" ,
 "concordia university" , "http://dbpedia.org/resource/Concordia_University" , "Lab 1" , "Slides" ,
 "concordia university" , "http://dbpedia.org/resource/Concordia_University" , "Lecture 4" , "Worksheet" ,
 "concordia university" , "http://dbpedia.org/resource/Concordia_University" , "Lecture 5" , "Slides" ,
 "concordia university" , "http://dbpedia.org/resource/Concordia_University" , "Lecture 9" , "Worksheet" ,
 "concordia university" , "http://dbpedia.org/resource/Concordia_University" , "Lecture 1" , "Slides" ,
 "concordia university" , "http://dbpedia.org/resource/Concordia_University" , "Lab 3" , "Slides" ,
 "concordia university" , "http://dbpedia.org/resource/Concordia_University" , "Lecture 2" , "Slides" ,
 "concordia university" , "http://dbpedia.org/resource/Concordia_University" , "Lecture 2" , "Worksheet" ,
 "concordia university" , "http://dbpedia.org/resource/Concordia_University" , "Lecture 4" , "Slides" ,
 "concordia university" , "http://dbpedia.org/resource/Concordia_University" , "Lecture 7" , "Slides" ,
 "concordia university" , "http://dbpedia.org/resource/Concordia_University" , "Lab 4" , "Slides" ,
 "concordia university" , "http://dbpedia.org/resource/Concordia_University" , "Lecture 8" , "Slides" ,
 "concordia university" , "http://dbpedia.org/resource/Concordia_University" , "Lab 5" , "Slides" ,
 "concordia university" , "http://dbpedia.org/resource/Concordia_University" , "Lecture 8" , "Worksheet" ,
 "concordia university" , "http://dbpedia.org/resource/Concordia_University" , "Lecture 9" , "Slides" ,
 "chmod" , "http://dbpedia.org/resource/Chmod" , "Lab 4" , "Slides" ,
 "w3c recommendation" , "http://dbpedia.org/resource/World_Wide_Web_Consortium" , "Lecture 3" , "Slides" ,
 "kitchen aid" , "http://dbpedia.org/resource/KitchenAid" , "Lab 9" , "Slides" ,
 "ghostwriter" , "http://dbpedia.org/resource/Ghostwriter" , "Lecture 3" , "Slides" ,
 "description logic" , "http://dbpedia.org/resource/Description_logic" , "Lecture 2" , "Slides" ,
 "description logic" , "http://dbpedia.org/resource/Description_logic" , "Lecture 4" , "Slides" ,
 "harper collins" , "http://dbpedia.org/resource/HarperCollins" , "Lecture 3" , "Slides" ,
 "harper collins" , "http://dbpedia.org/resource/HarperCollins" , "Lecture 2" , "Slides" ,
 "luanda" , "http://dbpedia.org/resource/Luanda" , "Lecture 7" , "Slides" ,
 "knowledge graph" , "http://dbpedia.org/resource/Knowledge_Graph" , "Lecture 5" , "Slides" ,
 "knowledge graph" , "http://dbpedia.org/resource/Knowledge_Graph" , "Lecture 2" , "Slides" ,
 "text formatting" , "http://dbpedia.org/resource/Typesetting" , "Lab 1" , "Slides" ,
 "rt" , "http://dbpedia.org/resource/Windows_RT" , "Lecture 5" , "Slides" ,
 "hamlet" , "http://dbpedia.org/resource/Hamlet" , "Lecture 6" , "Slides" ,
 "stuart russell" , "http://dbpedia.org/resource/Stuart_J._Russell" , "Lecture 2" , "Slides" ,
 "stuart russell" , "http://dbpedia.org/resource/Stuart_J._Russell" , "Lecture 8" , "Slides" ,
 "pmid" , "http://dbpedia.org/resource/PubMed" , "Lecture 9" , "Slides" ,
 "stanford" , "http://dbpedia.org/resource/Stanford_University" , "Lecture 1" , "Slides" ,
 "stanford" , "http://dbpedia.org/resource/Stanford_University" , "Lecture 8" , "Slides" ,
 "stanford" , "http://dbpedia.org/resource/Stanford_University" , "Lecture 9" , "Slides" ,
 "gartner" , "http://dbpedia.org/resource/Gartner" , "Lecture 1" , "Slides" ,
 "gartner" , "http://dbpedia.org/resource/Gartner" , "Lecture 8" , "Slides" ,
 "sir george williams university" , "http://dbpedia.org/resource/Concordia_University" , "Lab 5" , "Slides" ,
 "kernel" , "http://dbpedia.org/resource/Linux_kernel" , "Lecture 8" , "Slides" ,
 "nes" , "http://dbpedia.org/resource/Nintendo" , "Lecture 9" , "Worksheet" ,
 "nes" , "http://dbpedia.org/resource/Nintendo" , "Lecture 9" , "Slides" ,
 "nes" , "http://dbpedia.org/resource/Nintendo_Entertainment_System" , "Lecture 9" , "Worksheet" ,
 "nes" , "http://dbpedia.org/resource/Nintendo_Entertainment_System" , "Lecture 9" , "Slides" ,
 "david wood" , "http://dbpedia.org/resource/Straitjacket_Fits" , "Lecture 3" , "Slides" ,
 "david wood" , "http://dbpedia.org/resource/Straitjacket_Fits" , "Lecture 5" , "Slides" ,
 "david wood" , "http://dbpedia.org/resource/Straitjacket_Fits" , "Lecture 4" , "Slides" ,
 "ontario" , "http://dbpedia.org/resource/Ontario" , "Lab 1" , "Slides" ,
 "usenet" , "http://dbpedia.org/resource/Usenet" , "Lab 7" , "Slides" ,
 "hannes" , "http://dbpedia.org/resource/Hannes_von_Lahnstein" , "Lecture 8" , "Slides" ,
 "hannes" , "http://dbpedia.org/resource/Hannes_von_Lahnstein" , "Lecture 9" , "Slides" ,
 "grammar" , "http://dbpedia.org/resource/Grammar" , "Lab 9" , "Slides" ,
 "grammar" , "http://dbpedia.org/resource/Grammar" , "Lecture 9" , "Slides" ,
 "grammar" , "http://dbpedia.org/resource/Formal_grammar" , "Lab 9" , "Slides" ,
 "grammar" , "http://dbpedia.org/resource/Formal_grammar" , "Lecture 9" , "Slides" ,
 "cambridge university press" , "http://dbpedia.org/resource/Cambridge_University_Press" , "Lecture 6" , "Slides" ,
 "rdfs" , "http://dbpedia.org/resource/RDF_Schema" , "Lecture 3" , "Slides" ,
 "rdfs" , "http://dbpedia.org/resource/RDF_Schema" , "Lecture 4" , "Worksheet" ,
 "rdfs" , "http://dbpedia.org/resource/RDF_Schema" , "Lecture 5" , "Slides" ,
 "rdfs" , "http://dbpedia.org/resource/RDF_Schema" , "Lab 2" , "Slides" ,
 "rdfs" , "http://dbpedia.org/resource/RDF_Schema" , "Lab 3" , "Slides" ,
 "rdfs" , "http://dbpedia.org/resource/RDF_Schema" , "Lecture 2" , "Slides" ,
 "rdfs" , "http://dbpedia.org/resource/RDF_Schema" , "Lecture 4" , "Slides" ,
 "rdfs" , "http://dbpedia.org/resource/RDF_Schema" , "Lecture 7" , "Slides" ,
 "rdfs" , "http://dbpedia.org/resource/RDF_Schema" , "Lab 4" , "Slides" ,
 "rdfs" , "http://dbpedia.org/resource/RDF_Schema" , "Lecture 8" , "Slides" ,
 "rdfs" , "http://dbpedia.org/resource/RDF_Schema" , "Lab 5" , "Slides" ,
 "rdfs" , "http://dbpedia.org/resource/RDF_Schema" , "Lecture 3" , "Worksheet" ,
 "time complexity" , "http://dbpedia.org/resource/Time_complexity" , "Lecture 7" , "Slides" ,
 "moodle" , "http://dbpedia.org/resource/Moodle" , "Lab 4" , "Slides" ,
 "moodle" , "http://dbpedia.org/resource/Moodle" , "Lab 5" , "Slides" ,
 "moodle" , "http://dbpedia.org/resource/Moodle" , "Lab 7" , "Slides" ,
 "moodle" , "http://dbpedia.org/resource/Moodle" , "Lab 8" , "Slides" ,
 "statistical model" , "http://dbpedia.org/resource/Statistical_model" , "Lecture 5" , "Slides" ,
 "hal" , "http://dbpedia.org/resource/Hardware_abstraction" , "Lecture 8" , "Slides" ,
 "dublin core" , "http://dbpedia.org/resource/Dublin_Core" , "Lecture 3" , "Slides" ,
 "dublin core" , "http://dbpedia.org/resource/Dublin_Core" , "Lecture 1" , "Slides" ,
 "musicbrainz" , "http://dbpedia.org/resource/MusicBrainz" , "Lecture 5" , "Slides" ,
 "rdf/xml" , "http://dbpedia.org/resource/XML" , "Lecture 3" , "Slides" ,
 "rdf/xml" , "http://dbpedia.org/resource/XML" , "Lab 2" , "Slides" ,
 "rdf/xml" , "http://dbpedia.org/resource/XML" , "Lecture 2" , "Slides" ,
 "information retrieval" , "http://dbpedia.org/resource/Information_retrieval" , "Lecture 7" , "Slides" ,
 "gold standard" , "http://dbpedia.org/resource/Ground_truth" , "Lecture 7" , "Slides" ,
 "geonames" , "http://dbpedia.org/resource/GeoNames" , "Lecture 2" , "Slides" ,
 "geonames" , "http://dbpedia.org/resource/GeoNames" , "Lecture 4" , "Slides" ,
 "web 2.0" , "http://dbpedia.org/resource/Web_2.0" , "Lecture 3" , "Slides" ,
 "sql" , "http://dbpedia.org/resource/SQL" , "Lecture 5" , "Slides" ,
 "brenda" , "http://dbpedia.org/resource/BRENDA" , "Lecture 9" , "Slides" ,
 "berlin" , "http://dbpedia.org/resource/Berlin" , "Lecture 3" , "Slides" ,
 "berlin" , "http://dbpedia.org/resource/Berlin" , "Lecture 5" , "Slides" ,
 "berlin" , "http://dbpedia.org/resource/Berlin" , "Lecture 2" , "Slides" ,
 "berlin" , "http://dbpedia.org/resource/Berlin" , "Lecture 4" , "Slides" ,
 "berlin" , "http://dbpedia.org/resource/Berlin" , "Lab 4" , "Slides" ,
 "draft" , "http://dbpedia.org/resource/Draft_document" , "Lecture 2" , "Slides" ,
 "macbeth" , "http://dbpedia.org/resource/Macbeth" , "Lecture 6" , "Slides" ,
 "springer" , "http://dbpedia.org/resource/Springer_Publishing" , "Lecture 5" , "Slides" ,
 "springer" , "http://dbpedia.org/resource/Springer_Publishing" , "Lecture 4" , "Slides" ,
 "false negative" , "http://dbpedia.org/resource/Type_I_and_type_II_errors" , "Lecture 7" , "Slides" ,
 "semantic networks" , "http://dbpedia.org/resource/Semantic_network" , "Lecture 2" , "Slides" ,
 "basic english" , "http://dbpedia.org/resource/Basic_English" , "Lab 9" , "Slides" ,
 "unicode" , "http://dbpedia.org/resource/Unicode" , "Lecture 3" , "Slides" ,
 "determiner" , "http://dbpedia.org/resource/Determiner" , "Lecture 9" , "Slides" ,
 "clue" , "http://dbpedia.org/resource/Cluedo" , "Lab 7" , "Slides" ,
 "deterministic finite automaton" , "http://dbpedia.org/resource/Deterministic_finite_automaton" , "Lecture 8" , "Slides" ,
 "parry" , "http://dbpedia.org/resource/Hubert_Parry" , "Lecture 1" , "Slides" ,
 "current version" , "http://dbpedia.org/resource/Linux.conf.au" , "Lecture 2" , "Slides" ,
 "dot product" , "http://dbpedia.org/resource/Dot_product" , "Lecture 6" , "Slides" ,
 "dot product" , "http://dbpedia.org/resource/Dot_product" , "Lecture 6" , "Worksheet" ,
 "skolemization" , "http://dbpedia.org/resource/Skolem_normal_form" , "Lecture 2" , "Slides" ,
 "wgs84" , "http://dbpedia.org/resource/World_Geodetic_System" , "Lecture 4" , "Worksheet" ,
 "wgs84" , "http://dbpedia.org/resource/World_Geodetic_System" , "Lecture 5" , "Slides" ,
 "wgs84" , "http://dbpedia.org/resource/World_Geodetic_System" , "Lecture 4" , "Slides" ,
 "rdf schema" , "http://dbpedia.org/resource/RDF_Schema" , "Lecture 3" , "Slides" ,
 "rdf schema" , "http://dbpedia.org/resource/RDF_Schema" , "Lecture 4" , "Worksheet" ,
 "rdf schema" , "http://dbpedia.org/resource/RDF_Schema" , "Lab 2" , "Slides" ,
 "rdf schema" , "http://dbpedia.org/resource/RDF_Schema" , "Lab 3" , "Slides" ,
 "miroirs" , "http://dbpedia.org/resource/Miroirs" , "Lecture 3" , "Slides" ,
 "miroirs" , "http://dbpedia.org/resource/Miroirs" , "Lecture 2" , "Slides" ,
 "eastern orthodox" , "http://dbpedia.org/resource/Eastern_Orthodox_Church" , "Lecture 9" , "Slides" ,
 "xhtml" , "http://dbpedia.org/resource/XHTML" , "Lecture 4" , "Slides" ,
 "neptune" , "http://dbpedia.org/resource/Neptune" , "Lecture 4" , "Slides" ,
 "apache" , "http://dbpedia.org/resource/Apache_HTTP_Server" , "Lab 2" , "Slides" ,
 "apache" , "http://dbpedia.org/resource/Apache_HTTP_Server" , "Lecture 4" , "Slides" ,
 "apache" , "http://dbpedia.org/resource/Apache_HTTP_Server" , "Lab 4" , "Slides" ,
 "apache" , "http://dbpedia.org/resource/Apache_HTTP_Server" , "Lab 5" , "Slides" ,
 "apache" , "http://dbpedia.org/resource/Apache_HTTP_Server" , "Lecture 9" , "Slides" ,
 "cosine similarity" , "http://dbpedia.org/resource/Cosine_similarity" , "Lecture 6" , "Slides" ,
 "cosine similarity" , "http://dbpedia.org/resource/Cosine_similarity" , "Lab 9" , "Slides" ,
 "cosine similarity" , "http://dbpedia.org/resource/Cosine_similarity" , "Lecture 8" , "Slides" ,
 "cosine similarity" , "http://dbpedia.org/resource/Cosine_similarity" , "Lab 6" , "Slides" ,
 "cosine similarity" , "http://dbpedia.org/resource/Cosine_similarity" , "Lab 7" , "Slides" ,
 "cosine similarity" , "http://dbpedia.org/resource/Cosine_similarity" , "Lecture 6" , "Worksheet" ,
 "web ontology language" , "http://dbpedia.org/resource/Web_Ontology_Language" , "Lab 3" , "Slides" ,
 "semantic web" , "http://dbpedia.org/resource/Semantic_Web" , "Lecture 3" , "Slides" ,
 "semantic web" , "http://dbpedia.org/resource/Semantic_Web" , "Lecture 5" , "Slides" ,
 "semantic web" , "http://dbpedia.org/resource/Semantic_Web" , "Lecture 1" , "Slides" ,
 "semantic web" , "http://dbpedia.org/resource/Semantic_Web" , "Lecture 2" , "Slides" ,
 "semantic web" , "http://dbpedia.org/resource/Semantic_Web" , "Lecture 4" , "Slides" ,
 "daily planet" , "http://dbpedia.org/resource/Daily_Planet" , "Lab 9" , "Slides" ,
 "jupyter" , "http://dbpedia.org/resource/IPython" , "Lab 1" , "Slides" ,
 "macos" , "http://dbpedia.org/resource/MacOS" , "Lab 1" , "Slides" ,
 "rdfa" , "http://dbpedia.org/resource/RDFa" , "Lecture 3" , "Slides" ,
 "rdfa" , "http://dbpedia.org/resource/RDFa" , "Lecture 5" , "Slides" ,
 "rdfa" , "http://dbpedia.org/resource/RDFa" , "Lecture 2" , "Slides" ,
 "rdfa" , "http://dbpedia.org/resource/RDFa" , "Lecture 5" , "Worksheet" ,
 "knowledge representation" , "http://dbpedia.org/resource/Knowledge_representation_and_reasoning" , "Lecture 2" , "Slides" ,
 "text retrieval" , "http://dbpedia.org/resource/Document_retrieval" , "Lecture 8" , "Slides" ,
 "enron" , "http://dbpedia.org/resource/Enron" , "Lecture 7" , "Slides" ,
 "gefitinib" , "http://dbpedia.org/resource/Gefitinib" , "Lecture 9" , "Slides" ,
 "bonjour" , "http://dbpedia.org/resource/Bonjour_(software)" , "Lab 1" , "Slides" ,
 "mad scientist" , "http://dbpedia.org/resource/Mad_scientist" , "Lab 9" , "Slides" ,
 "yangtze" , "http://dbpedia.org/resource/Yangtze" , "Lecture 4" , "Worksheet" ,
 "caribbean series" , "http://dbpedia.org/resource/Caribbean_Series" , "Lecture 9" , "Slides" ,
 "soap" , "http://dbpedia.org/resource/SOAP" , "Lecture 4" , "Slides" ,
 "finite-state machine" , "http://dbpedia.org/resource/Finite-state_machine" , "Lecture 9" , "Slides" ,
 "mal" , "http://dbpedia.org/resource/Malcolm_Reynolds" , "Lab 1" , "Slides" ,
 "google" , "http://dbpedia.org/resource/Google" , "Lab 1" , "Slides" ,
 "google" , "http://dbpedia.org/resource/Google" , "Lab 9" , "Slides" ,
 "google" , "http://dbpedia.org/resource/Google" , "Lecture 5" , "Slides" ,
 "google" , "http://dbpedia.org/resource/Google" , "Lecture 2" , "Slides" ,
 "google" , "http://dbpedia.org/resource/Google" , "Lecture 5" , "Worksheet" ,
 "google" , "http://dbpedia.org/resource/Google" , "Lecture 8" , "Slides" ,
 "google" , "http://dbpedia.org/resource/Google" , "Lab 7" , "Slides" ,
 "web application" , "http://dbpedia.org/resource/Application_software" , "Lab 1" , "Slides" ,
 "html" , "http://dbpedia.org/resource/HTML" , "Lecture 5" , "Slides" ,
 "html" , "http://dbpedia.org/resource/HTML" , "Lecture 2" , "Slides" ,
 "html" , "http://dbpedia.org/resource/HTML" , "Lecture 4" , "Slides" ,
 "html" , "http://dbpedia.org/resource/HTML" , "Lecture 9" , "Slides" ,
 "alexa" , "http://dbpedia.org/resource/Amazon_Alexa" , "Lab 4" , "Slides" ,
 "alexa" , "http://dbpedia.org/resource/Amazon_Alexa" , "Lecture 8" , "Slides" ,
 "w3c" , "http://dbpedia.org/resource/World_Wide_Web_Consortium" , "Lecture 3" , "Slides" ,
 "w3c" , "http://dbpedia.org/resource/World_Wide_Web_Consortium" , "Lecture 5" , "Slides" ,
 "w3c" , "http://dbpedia.org/resource/World_Wide_Web_Consortium" , "Lecture 1" , "Slides" ,
 "w3c" , "http://dbpedia.org/resource/World_Wide_Web_Consortium" , "Lecture 2" , "Slides" ,
 "w3c" , "http://dbpedia.org/resource/World_Wide_Web_Consortium" , "Lecture 4" , "Slides" ,
 "w3c" , "http://dbpedia.org/resource/World_Wide_Web_Consortium" , "Lecture 5" , "Worksheet" ,
 "public knowledge" , "http://dbpedia.org/resource/Public_Knowledge" , "Lecture 5" , "Slides" ,
 "public knowledge" , "http://dbpedia.org/resource/Public_Knowledge" , "Lecture 2" , "Worksheet" ,
 "public knowledge" , "http://dbpedia.org/resource/Public_Knowledge" , "Lab 4" , "Slides" ,
 "malcolm reynolds" , "http://dbpedia.org/resource/Malcolm_Reynolds" , "Lab 1" , "Slides" ,
 "metropolis" , "http://dbpedia.org/resource/Metropolis" , "Lab 9" , "Slides" ,
 "support vector machines" , "http://dbpedia.org/resource/Support_vector_machine" , "Lecture 9" , "Slides" ,
 "mcgill" , "http://dbpedia.org/resource/McGill_University" , "Lab 9" , "Slides" ,
 "mcgill" , "http://dbpedia.org/resource/McGill_University" , "Lecture 2" , "Worksheet" ,
 "mcgill" , "http://dbpedia.org/resource/McGill_University" , "Lecture 8" , "Worksheet" ,
 "technetium" , "http://dbpedia.org/resource/Technetium" , "Lecture 8" , "Slides" ,
 "markov" , "http://dbpedia.org/resource/Hidden_Markov_model" , "Lecture 9" , "Slides" ,
 "shrdlu" , "http://dbpedia.org/resource/SHRDLU" , "Lecture 2" , "Slides" ,
 "sebastian" , "http://dbpedia.org/resource/Saint_Sebastian" , "Lecture 5" , "Slides" ,
 "open source" , "http://dbpedia.org/resource/Open-source_model" , "Lab 9" , "Slides" ,
 "open source" , "http://dbpedia.org/resource/Open-source_model" , "Lecture 9" , "Worksheet" ,
 "open source" , "http://dbpedia.org/resource/Open-source_model" , "Lecture 1" , "Slides" ,
 "open source" , "http://dbpedia.org/resource/Open-source_model" , "Lab 2" , "Slides" ,
 "open source" , "http://dbpedia.org/resource/Open-source_model" , "Lecture 4" , "Slides" ,
 "open source" , "http://dbpedia.org/resource/Open-source_model" , "Lab 4" , "Slides" ,
 "open source" , "http://dbpedia.org/resource/Open-source_model" , "Lecture 9" , "Slides" ,
 "jeopardy!" , "http://dbpedia.org/resource/Jeopardy!" , "Lecture 1" , "Slides" ,
 "jeopardy!" , "http://dbpedia.org/resource/Jeopardy!" , "Lecture 8" , "Slides" ,
 "json-ld" , "http://dbpedia.org/resource/JSON-LD" , "Lab 2" , "Slides" ,
 "json-ld" , "http://dbpedia.org/resource/JSON-LD" , "Lecture 2" , "Slides" ,
 "regular expression" , "http://dbpedia.org/resource/Regular_expression" , "Lecture 8" , "Worksheet" ,
 "pattern matching" , "http://dbpedia.org/resource/Pattern_matching" , "Lecture 8" , "Slides" ,
 "lemma" , "http://dbpedia.org/resource/Headword" , "Lecture 9" , "Slides" ,
 "westworld" , "http://dbpedia.org/resource/Westworld" , "Lecture 8" , "Slides" ,
 "hanover" , "http://dbpedia.org/resource/Hanover" , "Lecture 2" , "Slides" ,
 "lemmatization" , "http://dbpedia.org/resource/Lemmatisation" , "Lecture 9" , "Slides" ,
 "windows" , "http://dbpedia.org/resource/Microsoft_Windows" , "Lab 5" , "Slides" ,
 "jayne cobb" , "http://dbpedia.org/resource/List_of_Firefly_characters" , "Lab 1" , "Slides" ,
 "liverpool" , "http://dbpedia.org/resource/Liverpool" , "Lecture 2" , "Slides" ,
 "stubbs" , "http://dbpedia.org/resource/William_Stubbs" , "Lecture 7" , "Slides" ,
 "stubbs" , "http://dbpedia.org/resource/William_Stubbs" , "Lecture 9" , "Slides" ,
 "irreflexive" , "http://dbpedia.org/resource/Reflexive_relation" , "Lecture 4" , "Slides" ,
 "guido van rossum" , "http://dbpedia.org/resource/Guido_van_Rossum" , "Lab 1" , "Slides" ,
 "information extraction" , "http://dbpedia.org/resource/Information_extraction" , "Lecture 7" , "Slides" ,
 "information extraction" , "http://dbpedia.org/resource/Information_extraction" , "Lecture 9" , "Slides" ,
 "uniprot" , "http://dbpedia.org/resource/UniProt" , "Lecture 4" , "Slides" ,
 "language model" , "http://dbpedia.org/resource/Language_model" , "Lab 9" , "Slides" ,
 "language model" , "http://dbpedia.org/resource/Language_model" , "Lecture 9" , "Slides" ,
 "ai" , "http://dbpedia.org/resource/Artificial_intelligence" , "Lecture 3" , "Slides" ,
 "ai" , "http://dbpedia.org/resource/Artificial_intelligence" , "Lab 1" , "Slides" ,
 "ai" , "http://dbpedia.org/resource/Artificial_intelligence" , "Lab 9" , "Slides" ,
 "ai" , "http://dbpedia.org/resource/Artificial_intelligence" , "Lecture 1" , "Slides" ,
 "ai" , "http://dbpedia.org/resource/Artificial_intelligence" , "Lecture 2" , "Slides" ,
 "ai" , "http://dbpedia.org/resource/Artificial_intelligence" , "Lecture 7" , "Slides" ,
 "library" , "http://dbpedia.org/resource/Library" , "Lecture 3" , "Slides" ,
 "library" , "http://dbpedia.org/resource/Library" , "Lab 1" , "Slides" ,
 "library" , "http://dbpedia.org/resource/Library" , "Lab 9" , "Slides" ,
 "library" , "http://dbpedia.org/resource/Library" , "Lecture 9" , "Worksheet" ,
 "library" , "http://dbpedia.org/resource/Library" , "Lab 7" , "Slides" ,
 "power7" , "http://dbpedia.org/resource/POWER7" , "Lecture 1" , "Slides" ,
 "power7" , "http://dbpedia.org/resource/POWER7" , "Lecture 8" , "Slides" ,
 "superman" , "http://dbpedia.org/resource/Superman" , "Lab 9" , "Slides" ,
 "dog" , "http://dbpedia.org/resource/Dog" , "Lecture 7" , "Slides" ,
 "dog" , "http://dbpedia.org/resource/Dog" , "Lecture 8" , "Slides" ,
 "dog" , "http://dbpedia.org/resource/Dog" , "Lab 7" , "Slides" ,
 "national cancer institute" , "http://dbpedia.org/resource/National_Cancer_Institute" , "Lecture 4" , "Slides" ,
 "denver" , "http://dbpedia.org/resource/Denver" , "Lecture 9" , "Slides" ,
 "the lego movie" , "http://dbpedia.org/resource/The_Lego_Movie" , "Lab 6" , "Slides" ,
 "linked open data" , "http://dbpedia.org/resource/Linked_data" , "Lecture 5" , "Slides" ,
 "linked open data" , "http://dbpedia.org/resource/Linked_data" , "Lecture 1" , "Slides" ,
 "linked open data" , "http://dbpedia.org/resource/Linked_data" , "Lecture 4" , "Slides" ,
 "linked open data" , "http://dbpedia.org/resource/Linked_data" , "Lab 5" , "Slides" ,
 "frbr" , "http://dbpedia.org/resource/Functional_Requirements_for_Bibliographic_Records" , "Lecture 4" , "Slides" ,
 "léonard de vinci" , "http://dbpedia.org/resource/Leonardo_da_Vinci" , "Lecture 2" , "Slides" ,
 "ibm" , "http://dbpedia.org/resource/IBM" , "Lab 9" , "Slides" ,
 "ibm" , "http://dbpedia.org/resource/IBM" , "Lecture 1" , "Slides" ,
 "ibm" , "http://dbpedia.org/resource/IBM" , "Lecture 2" , "Slides" ,
 "ibm" , "http://dbpedia.org/resource/IBM" , "Lecture 8" , "Slides" ,
 "ibm" , "http://dbpedia.org/resource/IBM" , "Lecture 9" , "Slides" ,
 "code readability" , "http://dbpedia.org/resource/Computer_programming" , "Lab 1" , "Slides" ,
 "metaweb" , "http://dbpedia.org/resource/Metaweb" , "Lecture 5" , "Slides" ,
 "lennon" , "http://dbpedia.org/resource/John_Lennon" , "Lecture 2" , "Slides" ,
 "italian greyhound" , "http://dbpedia.org/resource/Italian_Greyhound" , "Lecture 8" , "Slides" ,
 "prentice hall" , "http://dbpedia.org/resource/Prentice_Hall" , "Lecture 2" , "Slides" ,
 "prentice hall" , "http://dbpedia.org/resource/Prentice_Hall" , "Lecture 8" , "Slides" ,
 "numpy" , "http://dbpedia.org/resource/NumPy" , "Lab 1" , "Slides" ,
 "numpy" , "http://dbpedia.org/resource/NumPy" , "Lab 6" , "Slides" ,
 "lgpl" , "http://dbpedia.org/resource/GNU_Lesser_General_Public_License" , "Lecture 9" , "Slides" ,
 "amazon aws" , "http://dbpedia.org/resource/Amazon_Web_Services" , "Lecture 4" , "Slides" ,
 "pablo picasso" , "http://dbpedia.org/resource/Pablo_Picasso" , "Lab 5" , "Slides" ,
 "custom class" , "http://dbpedia.org/resource/Business_class" , "Lab 1" , "Slides" ,
 "governor" , "http://dbpedia.org/resource/Governor" , "Lab 9" , "Slides" ,
 "cleopatra" , "http://dbpedia.org/resource/Cleopatra" , "Lecture 6" , "Slides" ,
 "ai winter" , "http://dbpedia.org/resource/AI_winter" , "Lecture 2" , "Slides" ,
 "knowledge vault" , "http://dbpedia.org/resource/Knowledge_Graph" , "Lecture 2" , "Slides" ,
 "open access" , "http://dbpedia.org/resource/Open_access" , "Lecture 2" , "Slides" ,
 "youtube" , "http://dbpedia.org/resource/YouTube" , "Lecture 2" , "Slides" ,
 "matrix multiplication" , "http://dbpedia.org/resource/Matrix_multiplication" , "Lab 1" , "Slides" ,
 "fuseki" , "http://dbpedia.org/resource/Fuseki" , "Lab 4" , "Slides" ,
 "mexico" , "http://dbpedia.org/resource/Mexico" , "Lecture 4" , "Slides" ,
 "mexico" , "http://dbpedia.org/resource/Mexico" , "Lecture 9" , "Slides" ,
 "computer science" , "http://dbpedia.org/resource/Computer_science" , "Lab 5" , "Slides" ,
 "julius" , "http://dbpedia.org/resource/Julius_Caesar" , "Lecture 6" , "Slides" ,
 "microsoft" , "http://dbpedia.org/resource/Microsoft" , "Lab 9" , "Slides" ,
 "microsoft" , "http://dbpedia.org/resource/Microsoft" , "Lecture 1" , "Slides" ,
 "microsoft" , "http://dbpedia.org/resource/Microsoft" , "Lecture 2" , "Slides" ,
 "microsoft" , "http://dbpedia.org/resource/Microsoft" , "Lecture 8" , "Slides" ,
 "smallville" , "http://dbpedia.org/resource/Smallville" , "Lab 9" , "Slides" ,
 "resident evil" , "http://dbpedia.org/resource/Resident_Evil" , "Lecture 8" , "Slides" ,
 "point mutation" , "http://dbpedia.org/resource/Point_mutation" , "Lecture 9" , "Slides" ,
 "collaborative tagging" , "http://dbpedia.org/resource/Folksonomy" , "Lecture 6" , "Slides" ,
 "jena" , "http://dbpedia.org/resource/Jena" , "Lab 2" , "Slides" ,
 "jena" , "http://dbpedia.org/resource/Jena" , "Lecture 4" , "Slides" ,
 "jena" , "http://dbpedia.org/resource/Jena" , "Lab 4" , "Slides" ,
 "bill gates" , "http://dbpedia.org/resource/Bill_Gates" , "Lab 9" , "Slides" ,
 "imdb" , "http://dbpedia.org/resource/IMDb" , "Lecture 5" , "Worksheet" ,
 "factorial" , "http://dbpedia.org/resource/Factorial" , "Lab 1" , "Slides" ,
 "the artist" , "http://dbpedia.org/resource/Prince_Iaukea" , "Lecture 3" , "Slides" ,
 "chapter 11" , "http://dbpedia.org/resource/Chapter_11,_Title_11,_United_States_Code" , "Lecture 9" , "Slides" ,
 "wordpress.com" , "http://dbpedia.org/resource/WordPress.com" , "Lecture 4" , "Slides" ,
 "adjective" , "http://dbpedia.org/resource/Adjective" , "Lecture 8" , "Slides" ,
 "adjective" , "http://dbpedia.org/resource/Adjective" , "Lecture 9" , "Slides" ,
 "activision" , "http://dbpedia.org/resource/Activision" , "Lecture 8" , "Slides" ,
 "command-line interface" , "http://dbpedia.org/resource/Command-line_interface" , "Lab 1" , "Slides" ,
 "clause" , "http://dbpedia.org/resource/Clause" , "Lecture 4" , "Worksheet" ,
 "anaconda" , "http://dbpedia.org/resource/Anaconda" , "Lab 1" , "Slides" ,
 "scikit-learn" , "http://dbpedia.org/resource/Scikit-learn" , "Lab 9" , "Slides" ,
 "scikit-learn" , "http://dbpedia.org/resource/Scikit-learn" , "Lecture 7" , "Slides" ,
 "scikit-learn" , "http://dbpedia.org/resource/Scikit-learn" , "Lecture 8" , "Slides" ,
 "scikit-learn" , "http://dbpedia.org/resource/Scikit-learn" , "Lab 6" , "Slides" ,
 "scikit-learn" , "http://dbpedia.org/resource/Scikit-learn" , "Lab 7" , "Slides" ,
 "scikit-learn" , "http://dbpedia.org/resource/Scikit-learn" , "Lab 8" , "Slides" ,
 "noisy data" , "http://dbpedia.org/resource/Signal-to-noise_ratio" , "Lecture 7" , "Slides" ,
 "physical quantity" , "http://dbpedia.org/resource/Physical_quantity" , "Lecture 9" , "Slides" ,
 "confusion matrix" , "http://dbpedia.org/resource/Confusion_matrix" , "Lecture 7" , "Slides" ,
 "confusion matrix" , "http://dbpedia.org/resource/Confusion_matrix" , "Lab 8" , "Slides" ,
 "natural language processing" , "http://dbpedia.org/resource/Natural-language_processing" , "Lecture 8" , "Slides" ,
 "natural language processing" , "http://dbpedia.org/resource/Natural-language_processing" , "Lecture 9" , "Slides" ,
 "clark kent" , "http://dbpedia.org/resource/Clark_Kent" , "Lab 9" , "Slides" ,
 "james" , "http://dbpedia.org/resource/Epistle_of_James" , "Lecture 9" , "Slides" ,
 "docker" , "http://dbpedia.org/resource/Stevedore" , "Lab 5" , "Slides" ,
 "arity" , "http://dbpedia.org/resource/Arity" , "Lecture 5" , "Slides" ,
 "freebase" , "http://dbpedia.org/resource/Freebase" , "Lecture 5" , "Slides" ,
 "internet" , "http://dbpedia.org/resource/Internet" , "Lecture 6" , "Slides" ,
 "vector space" , "http://dbpedia.org/resource/Vector_space" , "Lecture 6" , "Slides" ,
 "question answering" , "http://dbpedia.org/resource/Question_answering" , "Lecture 8" , "Slides" ,
 "intelligent agent" , "http://dbpedia.org/resource/Intelligent_agent" , "Lab 2" , "Slides" ,
 "intelligent agent" , "http://dbpedia.org/resource/Intelligent_agent" , "Lab 3" , "Slides" ,
 "intelligent agent" , "http://dbpedia.org/resource/Intelligent_agent" , "Lecture 2" , "Worksheet" ,
 "pokémon" , "http://dbpedia.org/resource/Pokémon" , "Lecture 3" , "Slides" ,
 "google assistant" , "http://dbpedia.org/resource/Google_Assistant" , "Lecture 1" , "Slides" ,
 "google assistant" , "http://dbpedia.org/resource/Google_Assistant" , "Lecture 2" , "Slides" ,
 "google assistant" , "http://dbpedia.org/resource/Google_Assistant" , "Lecture 8" , "Slides" ,
 "google assistant" , "http://dbpedia.org/resource/Google_Assistant" , "Lab 5" , "Slides" ,
 "krypton" , "http://dbpedia.org/resource/Krypton" , "Lab 9" , "Slides" ,
 "biopax" , "http://dbpedia.org/resource/BioPAX" , "Lecture 4" , "Slides" ,
 "braunschweig" , "http://dbpedia.org/resource/Braunschweig" , "Lecture 9" , "Slides" ,
 "twitter" , "http://dbpedia.org/resource/Twitter" , "Lab 9" , "Slides" ,
 "twitter" , "http://dbpedia.org/resource/Twitter" , "Lecture 8" , "Slides" ,
 "eliza" , "http://dbpedia.org/resource/ELIZA" , "Lecture 1" , "Slides" ,
 "international" , "http://dbpedia.org/resource/International" , "Lecture 5" , "Slides" ,
 "international" , "http://dbpedia.org/resource/International" , "Lecture 8" , "Slides" ,
 "boolean" , "http://dbpedia.org/resource/Boolean_algebra" , "Lecture 8" , "Slides" ,
 "type ii error" , "http://dbpedia.org/resource/Type_I_and_type_II_errors" , "Lecture 7" , "Slides" ,
 "orinoco" , "http://dbpedia.org/resource/Orinoco" , "Lab 9" , "Slides" ,
 "nubus" , "http://dbpedia.org/resource/NuBus" , "Lab 7" , "Slides" ,
 "gene ontology" , "http://dbpedia.org/resource/Gene_ontology" , "Lecture 1" , "Slides" ,
 "gene ontology" , "http://dbpedia.org/resource/Gene_ontology" , "Lecture 4" , "Slides" ,
 "linked data" , "http://dbpedia.org/resource/Linked_data" , "Lecture 3" , "Slides" ,
 "linked data" , "http://dbpedia.org/resource/Linked_data" , "Lecture 5" , "Slides" ,
 "linked data" , "http://dbpedia.org/resource/Linked_data" , "Lecture 4" , "Slides" ,
 "language processing" , "http://dbpedia.org/resource/Language_processing_in_the_brain" , "Lab 9" , "Slides" ,
 "open knowledge" , "http://dbpedia.org/resource/Open_knowledge" , "Lecture 6" , "Slides" ,
 "apache software foundation" , "http://dbpedia.org/resource/Apache_Software_Foundation" , "Lecture 9" , "Slides" ,
 "resource description framework (rdf)" , "http://dbpedia.org/resource/Resource_Description_Framework" , "Lecture 1" , "Slides" ,
 "resource description framework (rdf)" , "http://dbpedia.org/resource/Resource_Description_Framework" , "Lecture 2" , "Slides" ,
 "last.fm" , "http://dbpedia.org/resource/Last.fm" , "Lecture 6" , "Slides" ,
 "workable" , "http://dbpedia.org/resource/Workable_FC" , "Lab 6" , "Slides" ,
 "spa" , "http://dbpedia.org/resource/Spa" , "Lecture 5" , "Slides" ,
 "l2 norm" , "http://dbpedia.org/resource/Lp_space" , "Lecture 6" , "Slides" ,
 "mr" , "http://dbpedia.org/resource/Magnetic_resonance_imaging" , "Lecture 9" , "Slides" ,
 "mit" , "http://dbpedia.org/resource/Massachusetts_Institute_of_Technology" , "Lecture 1" , "Slides" ,
 "apple siri" , "http://dbpedia.org/resource/Siri" , "Lecture 1" , "Slides" ,
 "intelligent systems" , "http://dbpedia.org/resource/Artificial_intelligence" , "Lab 9" , "Slides" ,
 "intelligent systems" , "http://dbpedia.org/resource/Artificial_intelligence" , "Lecture 4" , "Worksheet" ,
 "intelligent systems" , "http://dbpedia.org/resource/Artificial_intelligence" , "Lecture 9" , "Worksheet" ,
 "intelligent systems" , "http://dbpedia.org/resource/Artificial_intelligence" , "Lecture 1" , "Slides" ,
 "intelligent systems" , "http://dbpedia.org/resource/Artificial_intelligence" , "Lecture 2" , "Worksheet" ,
 "intelligent systems" , "http://dbpedia.org/resource/Artificial_intelligence" , "Lecture 7" , "Slides" ,
 "intelligent systems" , "http://dbpedia.org/resource/Artificial_intelligence" , "Lecture 5" , "Worksheet" ,
 "intelligent systems" , "http://dbpedia.org/resource/Artificial_intelligence" , "Lecture 8" , "Worksheet" ,
 "intelligent systems" , "http://dbpedia.org/resource/Artificial_intelligence" , "Lecture 6" , "Worksheet" ,
 "intelligent systems" , "http://dbpedia.org/resource/Artificial_intelligence" , "Lecture 7" , "Worksheet" ,
 "intelligent systems" , "http://dbpedia.org/resource/Artificial_intelligence" , "Lecture 3" , "Worksheet" ,
 "quantifier" , "http://dbpedia.org/resource/First-order_logic" , "Lecture 8" , "Slides" ,
 "amazon" , "http://dbpedia.org/resource/Amazons" , "Lecture 6" , "Slides" ,
 "amazon" , "http://dbpedia.org/resource/Amazons" , "Lab 9" , "Slides" ,
 "amazon" , "http://dbpedia.org/resource/Amazons" , "Lecture 1" , "Slides" ,
 "amazon" , "http://dbpedia.org/resource/Amazons" , "Lecture 2" , "Slides" ,
 "amazon" , "http://dbpedia.org/resource/Amazons" , "Lecture 8" , "Slides" ,
 "amazon" , "http://dbpedia.org/resource/Amazon_rainforest" , "Lecture 6" , "Slides" ,
 "amazon" , "http://dbpedia.org/resource/Amazon_rainforest" , "Lab 9" , "Slides" ,
 "amazon" , "http://dbpedia.org/resource/Amazon_rainforest" , "Lecture 1" , "Slides" ,
 "amazon" , "http://dbpedia.org/resource/Amazon_rainforest" , "Lecture 2" , "Slides" ,
 "amazon" , "http://dbpedia.org/resource/Amazon_rainforest" , "Lecture 8" , "Slides" ,
 "amazon" , "http://dbpedia.org/resource/Amazon_Video" , "Lecture 6" , "Slides" ,
 "amazon" , "http://dbpedia.org/resource/Amazon_Video" , "Lab 9" , "Slides" ,
 "amazon" , "http://dbpedia.org/resource/Amazon_Video" , "Lecture 1" , "Slides" ,
 "amazon" , "http://dbpedia.org/resource/Amazon_Video" , "Lecture 2" , "Slides" ,
 "amazon" , "http://dbpedia.org/resource/Amazon_Video" , "Lecture 8" , "Slides" ,
 "facebook" , "http://dbpedia.org/resource/Facebook" , "Lecture 5" , "Slides" ,
 "facebook" , "http://dbpedia.org/resource/Facebook" , "Lecture 2" , "Slides" ,
 "facebook" , "http://dbpedia.org/resource/Facebook" , "Lecture 2" , "Worksheet" ,
 "facebook" , "http://dbpedia.org/resource/Facebook" , "Lecture 7" , "Slides" ,
 "facebook" , "http://dbpedia.org/resource/Facebook" , "Lecture 5" , "Worksheet" ,
 "tempest" , "http://dbpedia.org/resource/The_Tempest" , "Lecture 6" , "Slides" ,
 "canada" , "http://dbpedia.org/resource/Canada" , "Lab 9" , "Slides" ,
 "canada" , "http://dbpedia.org/resource/Canada" , "Lecture 5" , "Slides" ,
 "canada" , "http://dbpedia.org/resource/Canada" , "Lab 3" , "Slides" ,
 "canada" , "http://dbpedia.org/resource/Canada" , "Lab 4" , "Slides" ,
 "canada" , "http://dbpedia.org/resource/Canada" , "Lecture 8" , "Slides" ,
 "canada" , "http://dbpedia.org/resource/Canada" , "Lab 5" , "Slides" ,
 "mitsuki" , "http://dbpedia.org/resource/Mitsuki_(Naruto)" , "Lecture 8" , "Slides" ,
 "paris" , "http://dbpedia.org/resource/Paris" , "Lecture 5" , "Worksheet" ,
 "ontology" , "http://dbpedia.org/resource/Ontology" , "Lecture 4" , "Worksheet" ,
 "ontology" , "http://dbpedia.org/resource/Ontology" , "Lecture 4" , "Slides" ,
 "metafiction" , "http://dbpedia.org/resource/Metafiction" , "Lecture 3" , "Slides" ,
 "exon" , "http://dbpedia.org/resource/Exon" , "Lecture 9" , "Slides" ,
 "facebook messenger" , "http://dbpedia.org/resource/Facebook_Messenger" , "Lab 9" , "Slides" ,
 "fantasy" , "http://dbpedia.org/resource/Fantasy" , "Lecture 9" , "Slides" ,
 "linux" , "http://dbpedia.org/resource/Linux" , "Lab 1" , "Slides" ,
 "linux" , "http://dbpedia.org/resource/Linux" , "Lab 5" , "Slides" ,
 "tf-idf" , "http://dbpedia.org/resource/Tf–idf" , "Lecture 6" , "Slides" ,
 "tf-idf" , "http://dbpedia.org/resource/Tf–idf" , "Lab 9" , "Slides" ,
 "tf-idf" , "http://dbpedia.org/resource/Tf–idf" , "Lecture 8" , "Slides" ,
 "tf-idf" , "http://dbpedia.org/resource/Tf–idf" , "Lab 7" , "Slides" ,
 "tf-idf" , "http://dbpedia.org/resource/Tf–idf" , "Lecture 8" , "Worksheet" ,
 "tf-idf" , "http://dbpedia.org/resource/Tf–idf" , "Lab 8" , "Slides" ,
 "coreference" , "http://dbpedia.org/resource/Coreference" , "Lecture 9" , "Slides" ,
 "heidelberg" , "http://dbpedia.org/resource/Heidelberg" , "Lecture 3" , "Slides" ,
 "heidelberg" , "http://dbpedia.org/resource/Heidelberg" , "Lecture 5" , "Slides" ,
 "heidelberg" , "http://dbpedia.org/resource/Heidelberg" , "Lecture 2" , "Slides" ,
 "heidelberg" , "http://dbpedia.org/resource/Heidelberg" , "Lecture 4" , "Slides" ,
 "http" , "http://dbpedia.org/resource/Hypertext_Transfer_Protocol" , "Lecture 5" , "Slides" ,
 "http" , "http://dbpedia.org/resource/Hypertext_Transfer_Protocol" , "Lecture 2" , "Slides" ,
 "http" , "http://dbpedia.org/resource/Hypertext_Transfer_Protocol" , "Lecture 4" , "Slides" ,
 "world wide web consortium (w3c)" , "http://dbpedia.org/resource/World_Wide_Web_Consortium" , "Lecture 3" , "Slides" ,
 "world wide web consortium (w3c)" , "http://dbpedia.org/resource/World_Wide_Web_Consortium" , "Lecture 5" , "Slides" ,
 "world wide web consortium (w3c)" , "http://dbpedia.org/resource/World_Wide_Web_Consortium" , "Lecture 2" , "Slides" ,
 "paradise papers" , "http://dbpedia.org/resource/Paradise_Papers" , "Lecture 7" , "Slides" ,
 "oop" , "http://dbpedia.org/resource/Object-oriented_programming" , "Lab 1" , "Slides" ,
 "mcgill university" , "http://dbpedia.org/resource/McGill_University" , "Lecture 2" , "Worksheet" ,
 "memory" , "http://dbpedia.org/resource/Computer_data_storage" , "Lab 4" , "Slides" ,
 "solr" , "http://dbpedia.org/resource/Apache_Solr" , "Lecture 1" , "Slides" ,
 "solr" , "http://dbpedia.org/resource/Apache_Solr" , "Lab 7" , "Slides" ,
 "gzip" , "http://dbpedia.org/resource/Gzip" , "Lab 9" , "Slides" ,
 "guatemala" , "http://dbpedia.org/resource/Guatemala" , "Lab 1" , "Slides" ,
 "cyc" , "http://dbpedia.org/resource/Cyc" , "Lecture 2" , "Slides" ,
 "mutant" , "http://dbpedia.org/resource/Mutation" , "Lecture 9" , "Slides" ,
 "spruce" , "http://dbpedia.org/resource/Spruce" , "Lab 5" , "Slides" ,
 "newsgroup" , "http://dbpedia.org/resource/Usenet_newsgroup" , "Lab 7" , "Slides" ,
 "whirlpool" , "http://dbpedia.org/resource/Whirlpool" , "Lab 9" , "Slides" ,
 "functional programming" , "http://dbpedia.org/resource/Functional_programming" , "Lab 1" , "Slides" ,
 "string literal" , "http://dbpedia.org/resource/String_literal" , "Lecture 2" , "Slides" ,
 "det" , "http://dbpedia.org/resource/Detroit_Tigers" , "Lecture 9" , "Slides" ,
 "wordnet" , "http://dbpedia.org/resource/WordNet" , "Lecture 2" , "Slides" ,
 "smart" , "http://dbpedia.org/resource/Smart_device" , "Lab 4" , "Slides" ,
 "smart" , "http://dbpedia.org/resource/Smart_device" , "Lecture 8" , "Slides" ,
 "query string" , "http://dbpedia.org/resource/Query_string" , "Lecture 4" , "Slides" ,
 "query string" , "http://dbpedia.org/resource/Query_string" , "Lab 5" , "Slides" ,
 "elastic search" , "http://dbpedia.org/resource/Elasticsearch" , "Lecture 1" , "Slides" ,
 "elastic search" , "http://dbpedia.org/resource/Elasticsearch" , "Lab 7" , "Slides" ,
 "elasticsearch" , "http://dbpedia.org/resource/Elasticsearch" , "Lecture 1" , "Slides" ,
 "elasticsearch" , "http://dbpedia.org/resource/Elasticsearch" , "Lab 7" , "Slides" ,
 "query language" , "http://dbpedia.org/resource/Query_language" , "Lecture 1" , "Slides" ,
 "query language" , "http://dbpedia.org/resource/Query_language" , "Lab 4" , "Slides" ,
 "apple" , "http://dbpedia.org/resource/Apple_Inc." , "Lab 9" , "Slides" ,
 "apple" , "http://dbpedia.org/resource/Apple_Inc." , "Lecture 2" , "Slides" ,
 "apple" , "http://dbpedia.org/resource/Apple_Inc." , "Lecture 9" , "Slides" ,
 "reinforcement learning" , "http://dbpedia.org/resource/Reinforcement_learning" , "Lecture 7" , "Slides" ,
 "imperative programming" , "http://dbpedia.org/resource/Imperative_programming" , "Lab 1" , "Slides" ,
 "jupyter notebook" , "http://dbpedia.org/resource/IPython" , "Lab 1" , "Slides" ,
 "reading" , "http://dbpedia.org/resource/Reading_F.C." , "Lecture 3" , "Slides" ,
 "reading" , "http://dbpedia.org/resource/Reading_F.C." , "Lab 1" , "Slides" ,
 "reading" , "http://dbpedia.org/resource/Reading_F.C." , "Lecture 1" , "Slides" ,
 "reading" , "http://dbpedia.org/resource/Reading_F.C." , "Lecture 2" , "Slides" ,
 "reading" , "http://dbpedia.org/resource/Reading_F.C." , "Lecture 4" , "Slides" ,
 "reading" , "http://dbpedia.org/resource/Reading_F.C." , "Lecture 7" , "Slides" ,
 "reading" , "http://dbpedia.org/resource/Reading_F.C." , "Lecture 8" , "Slides" ,
 "reading" , "http://dbpedia.org/resource/Reading_F.C." , "Lecture 9" , "Slides" ,
 "reading" , "http://dbpedia.org/resource/Reading_Company" , "Lecture 3" , "Slides" ,
 "reading" , "http://dbpedia.org/resource/Reading_Company" , "Lab 1" , "Slides" ,
 "reading" , "http://dbpedia.org/resource/Reading_Company" , "Lecture 1" , "Slides" ,
 "reading" , "http://dbpedia.org/resource/Reading_Company" , "Lecture 2" , "Slides" ,
 "reading" , "http://dbpedia.org/resource/Reading_Company" , "Lecture 4" , "Slides" ,
 "reading" , "http://dbpedia.org/resource/Reading_Company" , "Lecture 7" , "Slides" ,
 "reading" , "http://dbpedia.org/resource/Reading_Company" , "Lecture 8" , "Slides" ,
 "reading" , "http://dbpedia.org/resource/Reading_Company" , "Lecture 9" , "Slides" ,
 "tensorflow" , "http://dbpedia.org/resource/TensorFlow" , "Lecture 9" , "Slides" ,
 "lois lane" , "http://dbpedia.org/resource/Lois_Lane" , "Lab 9" , "Slides" ,
 "paris hilton" , "http://dbpedia.org/resource/Paris_Hilton" , "Lecture 5" , "Worksheet" ,
 "paris hilton" , "http://dbpedia.org/resource/Paris_Hilton" , "Lab 5" , "Slides" ,
 "euclidean distance" , "http://dbpedia.org/resource/Euclidean_distance" , "Lecture 6" , "Slides" ,
 "euclidean distance" , "http://dbpedia.org/resource/Euclidean_distance" , "Lecture 7" , "Slides" ,
 "uri" , "http://dbpedia.org/resource/Canton_of_Uri" , "Lecture 4" , "Slides" ,
 "guantanamo bay" , "http://dbpedia.org/resource/Guantanamo_Bay_detention_camp" , "Lecture 7" , "Slides" ,
 "amsterdam" , "http://dbpedia.org/resource/Amsterdam" , "Lecture 5" , "Slides" ,
 "amsterdam" , "http://dbpedia.org/resource/Amsterdam" , "Lecture 4" , "Slides" ,
 "milan" , "http://dbpedia.org/resource/Milan" , "Lecture 5" , "Slides" ,
 "orange" , "http://dbpedia.org/resource/Orange_S.A." , "Lecture 9" , "Slides" ,
 "eos" , "http://dbpedia.org/resource/Canon_EOS" , "Lecture 9" , "Slides" ,
 "programming language" , "http://dbpedia.org/resource/Programming_language" , "Lab 1" , "Slides" ,
 "open data" , "http://dbpedia.org/resource/Open_data" , "Lecture 5" , "Slides" ,
 "loyola college" , "http://dbpedia.org/resource/Loyola_University_Maryland" , "Lecture 8" , "Slides" ,
 "loyola college" , "http://dbpedia.org/resource/Loyola_University_Maryland" , "Lab 5" , "Slides" ,
 "nile" , "http://dbpedia.org/resource/Nile" , "Lecture 4" , "Worksheet" ,
 "acm" , "http://dbpedia.org/resource/Association_for_Computing_Machinery" , "Lecture 3" , "Slides" ,
 "split" , "http://dbpedia.org/resource/Split_album" , "Lecture 7" , "Slides" ,
 "split" , "http://dbpedia.org/resource/Split_album" , "Lecture 8" , "Slides" ,
 "creative commons" , "http://dbpedia.org/resource/Creative_Commons_license" , "Lecture 7" , "Slides" ,
 "creative commons" , "http://dbpedia.org/resource/Creative_Commons_license" , "Lecture 9" , "Slides" ,
 "parse tree" , "http://dbpedia.org/resource/Parse_tree" , "Lab 9" , "Slides" ,
 "parse tree" , "http://dbpedia.org/resource/Parse_tree" , "Lecture 8" , "Worksheet" ,
 "parse tree" , "http://dbpedia.org/resource/Parse_tree" , "Lecture 9" , "Slides" ,
 "gene" , "http://dbpedia.org/resource/Gene" , "Lecture 4" , "Slides" ,
 "python" , "http://dbpedia.org/resource/Monty_Python" , "Lab 1" , "Slides" ,
 "python" , "http://dbpedia.org/resource/Monty_Python" , "Lab 9" , "Slides" ,
 "python" , "http://dbpedia.org/resource/Monty_Python" , "Lecture 9" , "Worksheet" ,
 "python" , "http://dbpedia.org/resource/Monty_Python" , "Lecture 2" , "Slides" ,
 "python" , "http://dbpedia.org/resource/Monty_Python" , "Lecture 7" , "Slides" ,
 "python" , "http://dbpedia.org/resource/Monty_Python" , "Lab 4" , "Slides" ,
 "python" , "http://dbpedia.org/resource/Monty_Python" , "Lecture 8" , "Slides" ,
 "python" , "http://dbpedia.org/resource/Monty_Python" , "Lab 5" , "Slides" ,
 "python" , "http://dbpedia.org/resource/Monty_Python" , "Lab 7" , "Slides" ,
 "python" , "http://dbpedia.org/resource/Monty_Python" , "Lecture 9" , "Slides" ,
 "python" , "http://dbpedia.org/resource/Pythonidae" , "Lab 1" , "Slides" ,
 "python" , "http://dbpedia.org/resource/Pythonidae" , "Lab 9" , "Slides" ,
 "python" , "http://dbpedia.org/resource/Pythonidae" , "Lecture 9" , "Worksheet" ,
 "python" , "http://dbpedia.org/resource/Pythonidae" , "Lecture 2" , "Slides" ,
 "python" , "http://dbpedia.org/resource/Pythonidae" , "Lecture 7" , "Slides" ,
 "python" , "http://dbpedia.org/resource/Pythonidae" , "Lab 4" , "Slides" ,
 "python" , "http://dbpedia.org/resource/Pythonidae" , "Lecture 8" , "Slides" ,
 "python" , "http://dbpedia.org/resource/Pythonidae" , "Lab 5" , "Slides" ,
 "python" , "http://dbpedia.org/resource/Pythonidae" , "Lab 7" , "Slides" ,
 "python" , "http://dbpedia.org/resource/Pythonidae" , "Lecture 9" , "Slides" ,
 "schema.org" , "http://dbpedia.org/resource/Schema.org" , "Lecture 3" , "Slides" ,
 "mona lisa" , "http://dbpedia.org/resource/Mona_Lisa" , "Lecture 1" , "Slides" ,
 "mona lisa" , "http://dbpedia.org/resource/Mona_Lisa" , "Lecture 2" , "Slides" ,
 "mona lisa" , "http://dbpedia.org/resource/Mona_Lisa" , "Lecture 4" , "Slides" ,
 "sparql" , "http://dbpedia.org/resource/SPARQL" , "Lecture 3" , "Slides" ,
 "sparql" , "http://dbpedia.org/resource/SPARQL" , "Lecture 4" , "Worksheet" ,
 "sparql" , "http://dbpedia.org/resource/SPARQL" , "Lecture 5" , "Slides" ,
 "sparql" , "http://dbpedia.org/resource/SPARQL" , "Lecture 1" , "Slides" ,
 "sparql" , "http://dbpedia.org/resource/SPARQL" , "Lab 2" , "Slides" ,
 "sparql" , "http://dbpedia.org/resource/SPARQL" , "Lecture 2" , "Slides" ,
 "sparql" , "http://dbpedia.org/resource/SPARQL" , "Lecture 4" , "Slides" ,
 "sparql" , "http://dbpedia.org/resource/SPARQL" , "Lecture 5" , "Worksheet" ,
 "sparql" , "http://dbpedia.org/resource/SPARQL" , "Lab 4" , "Slides" ,
 "sparql" , "http://dbpedia.org/resource/SPARQL" , "Lecture 8" , "Slides" ,
 "sparql" , "http://dbpedia.org/resource/SPARQL" , "Lab 5" , "Slides" ,
 "sparql" , "http://dbpedia.org/resource/SPARQL" , "Lecture 8" , "Worksheet" ,
 "layer cake" , "http://dbpedia.org/resource/Layer_cake" , "Lecture 3" , "Slides" ,
 "layer cake" , "http://dbpedia.org/resource/Layer_cake" , "Lecture 5" , "Slides" ,
 "layer cake" , "http://dbpedia.org/resource/Layer_cake" , "Lecture 1" , "Slides" ,
 "layer cake" , "http://dbpedia.org/resource/Layer_cake" , "Lecture 2" , "Slides" ,
 "montreal" , "http://dbpedia.org/resource/Montreal" , "Lecture 4" , "Worksheet" ,
 "montreal" , "http://dbpedia.org/resource/Montreal" , "Lab 3" , "Slides" ,
 "montreal" , "http://dbpedia.org/resource/Montreal" , "Lecture 2" , "Worksheet" ,
 "montreal" , "http://dbpedia.org/resource/Montreal" , "Lecture 8" , "Slides" ,
 "montreal" , "http://dbpedia.org/resource/Montreal" , "Lab 5" , "Slides" ,
 "natural language" , "http://dbpedia.org/resource/Natural-language_processing" , "Lab 9" , "Slides" ,
 "natural language" , "http://dbpedia.org/resource/Natural-language_processing" , "Lecture 9" , "Worksheet" ,
 "natural language" , "http://dbpedia.org/resource/Natural-language_processing" , "Lecture 1" , "Slides" ,
 "natural language" , "http://dbpedia.org/resource/Natural-language_processing" , "Lecture 2" , "Worksheet" ,
 "natural language" , "http://dbpedia.org/resource/Natural-language_processing" , "Lecture 8" , "Slides" ,
 "natural language" , "http://dbpedia.org/resource/Natural-language_processing" , "Lab 5" , "Slides" ,
 "natural language" , "http://dbpedia.org/resource/Natural-language_processing" , "Lab 7" , "Slides" ,
 "natural language" , "http://dbpedia.org/resource/Natural-language_processing" , "Lecture 8" , "Worksheet" ,
 "natural language" , "http://dbpedia.org/resource/Natural-language_processing" , "Lecture 9" , "Slides" ,
 "sheffield" , "http://dbpedia.org/resource/Sheffield" , "Lecture 1" , "Slides" ,
 "sheffield" , "http://dbpedia.org/resource/Sheffield" , "Lecture 9" , "Slides" ,
 "sheffield" , "http://dbpedia.org/resource/University_of_Sheffield" , "Lecture 1" , "Slides" ,
 "sheffield" , "http://dbpedia.org/resource/University_of_Sheffield" , "Lecture 9" , "Slides" ,
 "world wide web" , "http://dbpedia.org/resource/World_Wide_Web" , "Lecture 8" , "Slides" ,
 "supervised learning" , "http://dbpedia.org/resource/Machine_learning" , "Lab 9" , "Slides" ,
 "supervised learning" , "http://dbpedia.org/resource/Machine_learning" , "Lecture 8" , "Slides" ,
 "supervised learning" , "http://dbpedia.org/resource/Machine_learning" , "Lecture 9" , "Slides" ,
 "test" , "http://dbpedia.org/resource/Test_cricket" , "Lecture 5" , "Worksheet" ,
 "test" , "http://dbpedia.org/resource/Test_cricket" , "Lecture 8" , "Worksheet" ,
 "voltaire" , "http://dbpedia.org/resource/Voltaire" , "Lecture 7" , "Slides" ,
 "london" , "http://dbpedia.org/resource/London" , "Lecture 3" , "Slides" ,
 "london" , "http://dbpedia.org/resource/London" , "Lecture 2" , "Slides" ,
 "glutathione s-transferase" , "http://dbpedia.org/resource/Glutathione_S-transferase" , "Lecture 9" , "Slides" ,
 "snowball" , "http://dbpedia.org/resource/Simpson_family" , "Lecture 9" , "Slides" ,
 "php" , "http://dbpedia.org/resource/PHP" , "Lecture 2" , "Slides" ,
 "rdf" , "http://dbpedia.org/resource/Resource_Description_Framework" , "Lecture 3" , "Slides" ,
 "rdf" , "http://dbpedia.org/resource/Resource_Description_Framework" , "Lecture 5" , "Slides" ,
 "rdf" , "http://dbpedia.org/resource/Resource_Description_Framework" , "Lecture 1" , "Slides" ,
 "rdf" , "http://dbpedia.org/resource/Resource_Description_Framework" , "Lab 2" , "Slides" ,
 "rdf" , "http://dbpedia.org/resource/Resource_Description_Framework" , "Lecture 2" , "Slides" ,
 "rdf" , "http://dbpedia.org/resource/Resource_Description_Framework" , "Lecture 2" , "Worksheet" ,
 "rdf" , "http://dbpedia.org/resource/Resource_Description_Framework" , "Lecture 4" , "Slides" ,
 "rdf" , "http://dbpedia.org/resource/Resource_Description_Framework" , "Lecture 5" , "Worksheet" ,
 "rdf" , "http://dbpedia.org/resource/Resource_Description_Framework" , "Lecture 8" , "Slides" ,
 "rdf" , "http://dbpedia.org/resource/Resource_Description_Framework" , "Lecture 3" , "Worksheet" ,
 "hbo" , "http://dbpedia.org/resource/HBO" , "Lecture 8" , "Slides" ,
 "automata theory" , "http://dbpedia.org/resource/Automata_theory" , "Lecture 8" , "Slides" ,
 "java" , "http://dbpedia.org/resource/Java_virtual_machine" , "Lab 2" , "Slides" ,
 "java" , "http://dbpedia.org/resource/Java_virtual_machine" , "Lecture 2" , "Slides" ,
 "wikileaks" , "http://dbpedia.org/resource/WikiLeaks" , "Lecture 7" , "Slides" ,
 "babelnet" , "http://dbpedia.org/resource/BabelNet" , "Lecture 5" , "Slides" ,
 "protein" , "http://dbpedia.org/resource/Protein" , "Lecture 4" , "Slides" ,
 "protein" , "http://dbpedia.org/resource/Protein" , "Lecture 9" , "Slides" ,
 "f-measure" , "http://dbpedia.org/resource/F1_score" , "Lecture 7" , "Slides" ,
 "pos tags" , "http://dbpedia.org/resource/Brown_Corpus" , "Lecture 9" , "Worksheet" ,
 "pos tags" , "http://dbpedia.org/resource/Brown_Corpus" , "Lecture 9" , "Slides" ,
 "morphological analysis" , "http://dbpedia.org/resource/Morphological_analysis_(problem-solving)" , "Lecture 9" , "Slides" ,
 "cloud" , "http://dbpedia.org/resource/Cloud_computing" , "Lab 1" , "Slides" ,
 "cloud" , "http://dbpedia.org/resource/Cloud_computing" , "Lab 9" , "Slides" ,
 "cloud" , "http://dbpedia.org/resource/Cloud_computing" , "Lab 5" , "Slides" ,
 "k-means" , "http://dbpedia.org/resource/K-means_clustering" , "Lecture 7" , "Slides" ,
 "part-of-speech" , "http://dbpedia.org/resource/Part-of-speech_tagging" , "Lecture 9" , "Worksheet" ,
 "part-of-speech" , "http://dbpedia.org/resource/Part-of-speech_tagging" , "Lecture 9" , "Slides" ,
 "deepdive" , "http://dbpedia.org/resource/Transformers" , "Lecture 2" , "Slides" ,
 "adverb" , "http://dbpedia.org/resource/Adverb" , "Lecture 8" , "Slides" ,
 "adverb" , "http://dbpedia.org/resource/Adverb" , "Lecture 9" , "Slides" ,
 "utf-8" , "http://dbpedia.org/resource/UTF-8" , "Lab 9" , "Slides" ,
 "utf-8" , "http://dbpedia.org/resource/UTF-8" , "Lecture 4" , "Slides" ,
 "utf-8" , "http://dbpedia.org/resource/UTF-8" , "Lecture 8" , "Slides" ,
 "frog" , "http://dbpedia.org/resource/Frog" , "Lecture 2" , "Slides" ,
 "biological pathway" , "http://dbpedia.org/resource/Biological_pathway" , "Lecture 4" , "Slides" ,
 "blender" , "http://dbpedia.org/resource/Blender" , "Lab 9" , "Slides" ,
 "o'reilly media" , "http://dbpedia.org/resource/O'Reilly_Media" , "Lecture 5" , "Slides" ,
 "o'reilly media" , "http://dbpedia.org/resource/O'Reilly_Media" , "Lecture 4" , "Slides" ,
 "o'reilly media" , "http://dbpedia.org/resource/O'Reilly_Media" , "Lecture 7" , "Slides" ,
 "data integration" , "http://dbpedia.org/resource/Data_integration" , "Lecture 5" , "Slides" ,
 "data integration" , "http://dbpedia.org/resource/Data_integration" , "Lecture 2" , "Slides" ,
 "data integration" , "http://dbpedia.org/resource/Data_integration" , "Lecture 4" , "Slides" ,
 "kolkata" , "http://dbpedia.org/resource/Kolkata" , "Lecture 2" , "Slides" ,
 "eval" , "http://dbpedia.org/resource/Eval" , "Lab 9" , "Slides" ,
 "google drive" , "http://dbpedia.org/resource/Google_Drive" , "Lab 1" , "Slides" ,
 "caesar" , "http://dbpedia.org/resource/Julius_Caesar" , "Lecture 6" , "Slides" ,
 "w3.org" , "http://dbpedia.org/resource/World_Wide_Web_Consortium" , "Lecture 5" , "Worksheet" ,
 "jimmy olsen" , "http://dbpedia.org/resource/Jimmy_Olsen" , "Lab 9" , "Slides" ,
 "amazon alexa" , "http://dbpedia.org/resource/Amazon_Alexa" , "Lecture 1" , "Slides" ,
 "othello" , "http://dbpedia.org/resource/Othello" , "Lecture 6" , "Slides" ,
 "kal-el" , "http://dbpedia.org/resource/Superman" , "Lab 9" , "Slides" ,
 "toy story 2" , "http://dbpedia.org/resource/Toy_Story_2" , "Lab 6" , "Slides" ,
 "peter norvig" , "http://dbpedia.org/resource/Peter_Norvig" , "Lecture 2" , "Slides" ,
 "peter norvig" , "http://dbpedia.org/resource/Peter_Norvig" , "Lecture 8" , "Slides" ,
 "alma" , "http://dbpedia.org/resource/Alma_Mahler" , "Lab 4" , "Slides" ,
 "yandex" , "http://dbpedia.org/resource/Yandex" , "Lecture 2" , "Slides" ,
 "text mining" , "http://dbpedia.org/resource/Text_mining" , "Lecture 9" , "Worksheet" ,
 "text mining" , "http://dbpedia.org/resource/Text_mining" , "Lecture 9" , "Slides" ,
 "aspergillus" , "http://dbpedia.org/resource/Aspergillus" , "Lecture 9" , "Slides" ,
 "perceptrons" , "http://dbpedia.org/resource/Perceptron" , "Lecture 2" , "Slides" ,
 "john berryman" , "http://dbpedia.org/resource/John_Berryman" , "Lecture 6" , "Slides" ,
 "archive" , "http://dbpedia.org/resource/Internet_Archive" , "Lab 4" , "Slides" ,
 "uniform resource locator" , "http://dbpedia.org/resource/Uniform_Resource_Locator" , "Lecture 3" , "Slides" ,
 "type i error" , "http://dbpedia.org/resource/Type_I_and_type_II_errors" , "Lecture 7" , "Slides" ,
 "dbpedia spotlight" , "http://dbpedia.org/resource/DBpedia" , "Lecture 5" , "Slides" ,
 "dbpedia spotlight" , "http://dbpedia.org/resource/DBpedia" , "Lecture 5" , "Worksheet" ,
 "escherichia coli" , "http://dbpedia.org/resource/Escherichia_coli" , "Lecture 9" , "Slides" ,
 "iso" , "http://dbpedia.org/resource/International_Organization_for_Standardization" , "Lecture 3" , "Slides" ,
 "netflix" , "http://dbpedia.org/resource/Netflix" , "Lecture 6" , "Slides" ,
 "netflix" , "http://dbpedia.org/resource/Netflix" , "Lecture 7" , "Slides" ,
 "lex luthor" , "http://dbpedia.org/resource/Lex_Luthor" , "Lab 9" , "Slides" ,
 "xml" , "http://dbpedia.org/resource/XML" , "Lab 9" , "Slides" ,
 "xml" , "http://dbpedia.org/resource/XML" , "Lecture 4" , "Slides" ,
 "xml" , "http://dbpedia.org/resource/XML" , "Lecture 9" , "Slides" ,
 "cat" , "http://dbpedia.org/resource/Cat" , "Lecture 7" , "Slides" ,
 "cat" , "http://dbpedia.org/resource/Cat" , "Lecture 9" , "Slides" ,
 "steve jobs" , "http://dbpedia.org/resource/Steve_Jobs" , "Lecture 1" , "Slides" ,
 "steve jobs" , "http://dbpedia.org/resource/Steve_Jobs" , "Lecture 8" , "Worksheet" ,
 "confidentiality" , "http://dbpedia.org/resource/Information_security" , "Lecture 9" , "Slides" ,
 "conceptnet" , "http://dbpedia.org/resource/Open_Mind_Common_Sense" , "Lecture 2" , "Slides" ,
 "extrapolate" , "http://dbpedia.org/resource/Extrapolation" , "Lecture 7" , "Slides" ,
 "overfitting" , "http://dbpedia.org/resource/Overfitting" , "Lecture 7" , "Slides" ,
 "overfitting" , "http://dbpedia.org/resource/Overfitting" , "Lecture 8" , "Slides" ,
 "a12" , "http://dbpedia.org/resource/Nissan_A_engine" , "Lecture 2" , "Slides" ,
 "recommender system" , "http://dbpedia.org/resource/Recommender_system" , "Lecture 6" , "Slides" ,
 "hoban washburne" , "http://dbpedia.org/resource/List_of_Firefly_characters" , "Lab 1" , "Slides" ,
 "unfriended" , "http://dbpedia.org/resource/Unfriended" , "Lecture 8" , "Slides" ,
 "martin" , "http://dbpedia.org/resource/List_of_recurring_The_Simpsons_characters" , "Lecture 9" , "Slides" ,
 "sony" , "http://dbpedia.org/resource/Sony" , "Lecture 8" , "Slides" ,
 "dewey decimal classification" , "http://dbpedia.org/resource/Dewey_Decimal_Classification" , "Lecture 3" , "Slides" ,
 "idf" , "http://dbpedia.org/resource/Israel_Defense_Forces" , "Lecture 6" , "Slides" ,
 "resource description framework" , "http://dbpedia.org/resource/Resource_Description_Framework" , "Lecture 2" , "Worksheet" ,
 "pdf" , "http://dbpedia.org/resource/Portable_Document_Format" , "Lecture 9" , "Slides" ,
 "metadata" , "http://dbpedia.org/resource/Metadata" , "Lecture 6" , "Slides" ,
 "metadata" , "http://dbpedia.org/resource/Metadata" , "Lecture 1" , "Slides" ,
 "metadata" , "http://dbpedia.org/resource/Metadata" , "Lecture 5" , "Worksheet" ,
 "metadata" , "http://dbpedia.org/resource/Metadata" , "Lecture 9" , "Slides" ,
 "ontology language" , "http://dbpedia.org/resource/Ontology_language" , "Lecture 4" , "Slides" ,
 "vector space model" , "http://dbpedia.org/resource/Vector_space_model" , "Lecture 6" , "Slides" ,
 "disney" , "http://dbpedia.org/resource/The_Walt_Disney_Company" , "Lecture 8" , "Slides" ,
 "skype" , "http://dbpedia.org/resource/Skype" , "Lab 9" , "Slides" ,
 "silo" , "http://dbpedia.org/resource/Silo" , "Lecture 5" , "Slides" ,
